[
	{
		"Invoice_Number": "SBU-2053501",
		"Invoice_Date": "31-07-2020",
		"Terms_Payment": "Net 15",
		"Company_Name": "Company A",
		"Billing_Contact": "A-Contact1",
		"Address": "New york, United States",
		"Logo": "62b83ddcd406d22dc7516b53",
		"para": "61b334ee7c00363e11da3439",
		"Email": "abhishek.gosavi@toppr.com",
		"subtemp": "62c85b97f156ce4fbdb01bcb",
		"ITH": [
			{
				"Heading1": "Item Description",
				"Heading2": "Amount"
			}
		],
		"IT": [
			{
				"Item_Description": "Product Fees: X",
				"Amount": "5,000"
			}
		]
	}
]